NAICS Code,CPV
11,03000000
111,03110000
1111,03211900
11111,03111100
111110,03111100
11112,03111110
111120,03111110
11113,03221220#031221210
111130,03221220#031221210
11114,03211100
111140,03211100
11115,15331470
111150,15331470
11116,03211300
111160,03211300
11119,03211900
111191,03211900
111199,03211900
1112,15332180#03221000
11121,15332180#03221000
111211,03212100
111219,15332180#03221000
1113,03221200#03222000
11131,03222220
111310,03222220
11132,03222220
111320,03222220
11133,03222220
111331,03222321
111332,03222340
111333,03222313
111334,03222310
111335,03450000
111336,03222000#03450000
111339,03220000
1114,03120000
11141,03110000
111411,03221260
111419,03200000
11142,03120000
111421,03450000
111422,03451000
1119,03110000
11191,15992000
111910,15992000
11192,03115110
111920,03115110
11193,03113200
111930,03113200
11194,03441000
111940,03441000
11199,03110000
111991,03113100
111992,03111200
111998,03110000
112,03140000#03310000
1121,03321000#03320000
11211,03321000#03320000
112111,03321000#03320000
112112,03321000
11212,15500000#15511000
112120,15500000#15511000
11213,03321000
112130,03321000
1122,03323000
11221,03323000
112210,03323000
1123,03142500
11231,03142500
112310,03142500
11232,15112130
112320,15112130
11233,15110000
112330,15110000
11234,15112000
112340,15112000
11239,15112000
112390,15112000
1124,03322100#03322200
11241,03322100
112410,03322100
11242,03322200
112420,03322200
1125,03310000
11251,03310000
112511,03311000
112512,03312200
112519,03310000
1129,03140000
11291,03140000
112910,03140000
11292,03322300
112920,03322300
11293,03325100
112930,03325100
11299,03140000
112990,03140000
113,03400000
1131,03419000
11311,03419000
113110,03419000
1132,03400000
11321,03400000
113210,03400000
1133,03400000
11331,03400000
113310,03400000
114,03300000
1141,03300000
11411,03300000
114111,03300000
114112,03312200
114119,03300000
1142,03300000
11421,03300000
114210,03300000
115,03000000
1151,03110000
11511,03110000
115111,03115110
115112,16100000
115113,16300000
115114,16300000
115115,16300000#16100000
115116,03300000#15710000
1152,03140000
11521,03140000
115210,03140000
1153,03400000
11531,03400000
115310,03400000
21,76210000
211,76210000
2111,76210000
21112,09230000
211120,09230000
21113,09123000
211130,09123000
212,14000000
2121,09111100
21211,09111100
212114,09111100
212115,09111100
2122,14610000
21221,14611000
212210,14611000
21222,14523200#14523300
212220,14523200#14523300
21223,14715000#14722000#14712000#14713000
212230,14715000#14722000#14712000#14713000
21229,14610000
212290,14610000
2123,14800000#14500000
21231,14212300
212311,14212300
212312,44921300#14500000
212313,44921300#14500000
212319,44921300#14500000
21232,14210000#14500000
212321,14210000#14500000
212322,14211000#14210000
212323,14222000#14221000#14220000
21239,14800000
212390,14800000
213,71300000#45254100#14500000
2131,71300000#45254100#14500000
21311,14000000#14500000
213111,45255500#76431000
213112,45255500#76431000
213113,71300000#45254100
213114,71300000#45254100
213115,14800000#71300000#45254100
22,65000000
221,65000000
2211,31000000#31200000
22111,31000000#31200000
221111,31000000#31200000
221112,31000000#31200000
221113,31000000#31200000
221114,31000000#31200000
221115,31000000#31200000
221116,31000000#31200000
221117,31000000#31200000
221118,31000000#31200000
22112,31000000#31200000
221121,31000000#31200000
221122,31000000#31200000
2212,09123000
22121,09123000
221210,09123000
2213,90400000#90700000
22131,45232120
221310,45232120
22132,90420000#45232421
221320,90420000#45232421
22133,39717200#42512000
221330,39717200#42512000
23,45000000
236,45212000
2361,45215210
23611,45215210
236115,45215210
236116,45215210
236117,45215210
236118,45215210
2362,45215210
23621,45213000
236210,45213000
23622,45213000
236220,45213000
237,45200000
2371,45000000
23711,45232410
237110,45232410
23712,45231200
237120,45231200
23713,45231600
237130,45231600
2372,45112300
23721,45112300
237210,45112300
2373,45233000#45221100
23731,45233000#45221100
237310,45233000#45221100
2379,45200000
23799,45200000
237990,45200000
238,45100000#45300000
2381,45262210#45262300
23811,45262210#45262300
238110,45262210#45262300
23812,45262300#45262400
238120,45262300#45262400
23813,45261000
238130,45261000
23814,45262522
238140,45262522
23815,45441000
238150,45441000
23816,45260000
238160,45260000
23817,45400000
238170,45400000
23819,45452000#45262210
238190,45452000#45262210
2382,45210000
23821,45311000#45311100
238210,45311000#45311100
23822,45330000#45232141#45331000
238220,45330000#45232141#45331000
23829,45210000
238290,45210000
2383,45210000
23831,45320000
238310,45320000
23832,45442100#45430000
238320,45442100#45430000
23833,45430000
238330,45430000
23834,45430000
238340,45430000
23835,45420000
238350,45420000
23839,45210000
238390,45210000
2389,45100000#45300000
23891,45111200
238910,45111200
23899,45100000#45300000
238990,45100000#45300000
31-33,03000000
311,15800000#15000000
3111,15700000
31111,15700000
311111,15700000
311119,15700000
3112,03211900#15610000
31121,15612000#03211700
311211,15612000
311212,03211300
311213,03211700
31122,15623000#15412200#15411100
311221,15623000
311224,03111100
311225,15412000#15400000
31123,03211000
311230,03211000
3113,15842000#15840000
31131,15831000#15840000
311313,03113100
311314,03113200
31134,15842300#15842000
311340,15842300#15842000
31135,15842300#15842000
311351,15842300#15842000
311352,15842300#15842000
3114,03221200
31141,15220000
311411,15320000
311412,15300000
31142,15300000#15331400#15332400
311421,15300000#15331400#15332400
311422,15331400#15897200
311423,15890000
3115,15500000
31151,15500000
311511,15511000
311512,15530000
311513,15540000
311514,15500000
31152,15833100#15555100
311520,15833100#15555100
3116,03322000
31161,03322000
311611,03322000
311612,15110000
311613,15110000
311615,15112000
3117,15250000
31171,15250000
311710,15250000
3118,15612500
31181,15811100#15612500
311811,15612500
311812,15612500
311813,15812200#15812120#15810000
31182,15850000#15612500
311821,15612500
311824,15850000#15612000
31183,15612500
311830,15612500
3119,15800000
31191,15894400
311911,15332261#15332300
311919,15894400
31192,15861000#15863000
311920,15861000#15863000
31193,15553000#15321800
311930,15553000#15321800
31194,15870000
311941,15871273#15871260
311942,15872200#15892200
31199,15800000
311991,15800000
311999,15800000
312,15900000
3121,15900000
31211,15982000#15981310
312111,15982000
312112,15981000
312113,15981310
31212,15962000
312120,15962000
31213,15930000#15942000
312130,15930000#15942000
31214,15910000
312140,15910000
3122,15992000
31223,15992000
312230,15992000
313,19000000
3131,19200000#19400000
31311,19200000#19400000
313110,19200000#19400000
3132,19200000
31321,19210000
313210,19210000
31322,19210000
313220,19210000
31323,19210000
313230,19210000
31324,19251000
313240,19251000
3133,19200000
31331,19200000
313310,19200000
31332,19200000
313320,19200000
314,19200000
3141,19200000
31411,39530000
314110,39530000
31412,19244000#19231000
314120,19244000#19231000
3149,19200000
31491,18936000#19212300
314910,18936000#19212300
31499,19200000
314994,39541000
314999,19200000
315,18000000
3151,19435200#19400000
31512,19435200#19400000
315120,19435200#19400000
3152,19435000
31521,19435000
315210,19435000
31525,19435000
315250,19435000
3159,18300000#18000000
31599,18300000#18000000
315990,18300000#18000000
316,19100000
3161,19100000
31611,19100000
316110,19100000
3162,18800000
31621,18800000
316210,18800000
3169,19100000
31699,19100000
316990,19100000
321,03410000
3211,03410000
32111,03410000
321113,03410000
321114,03410000
3212,44191100#03410000
32121,44191100#03410000
321211,03418100#03410000
321212,03415000#03410000
321215,03410000
321219,03410000
3219,03410000
32191,03410000#44812400
321911,44191000
321912,03410000
321918,45432114
32192,03410000
321920,03410000
32199,03410000
321991,44211000
321992,44211000
321999,03410000
322,22800000
3221,03460000#22810000
32211,03460000
322110,03460000
32212,22800000
322120,22800000
32213,22800000
322130,22800000
3222,22800000
32221,22800000
322211,30193700#22993400
322212,30193700#22993400
322219,30193700#22993400
32222,22990000
322220,22990000
32223,30192700
322230,30192700
32229,22800000
322291,33771000#33770000
322299,22800000
323,22500000#22610000
3231,22500000#22610000
32311,22500000#22610000
323111,22500000#22610000
323113,22500000#22610000
323117,22100000#22110000
32312,22500000#22610000
323120,22500000#22610000
324,09200000
3241,09200000
32411,09200000
324110,09200000
32412,44113100#44113620#44112500
324121,44113100#44113620#44111600
324122,44113100#44113330
32419,09200000
324191,09211000#24951000
324199,09200000
325,24000000
3251,24000000
32511,09200000
325110,09200000
32512,24110000
325120,24110000
32513,24200000
325130,24200000
32518,24310000
325180,24310000
32519,24320000
325193,24322510
325194,03000000#24000000
325199,24320000
3252,24327400#19710000#19720000
32521,24327400#19710000
325211,24327400 #19520000
325212,19710000
32522,19710000#19721000
325220,19710000#19721000
3253,24451000#24440000
32531,24451000#24440000
325311,24410000
325312,24420000
325314,24400000
325315,24400000
32532,24451000
325320,24451000
3254,33680000#33100000
32541,33680000#33100000
325411,33100000
325412,33680000
325413,33000000
325414,33954000#33900000
3255,44113330#24911200#44810000
32551,44113330#44810000
325510,44113330#44810000
32552,24911200
325520,24911200
3256,33711900#39830000#39831600
32561,33711900#39830000
325611,33711900#39831200
325612,39800000
325613,39820000
32562,39831600
325620,39831600
3259,24000000#24960000
32591,22610000
325910,22610000
32592,24600000
325920,24600000
32599,24000000#24960000
325991,24327400
325992,30125100#32354300#24931000
325998,24000000#24960000
326,19510000#19520000
3261,19510000
32611,19520000
326111,19520000#18923100
326112,19520000
326113,19520000
32612,44163000#19520000#44334000
326121,19520000
326122,19520000
32613,19520000
326130,19520000
32614,19521000
326140,19521000
32615,19520000
326150,19520000
32616,19520000#39225710
326160,19520000#39225710
32619,19520000
326191,19520000
326199,19520000
3262,19510000
32621,34350000
326211,34350000
326212,34350000
32622,19520000#19510000
326220,19520000#19510000
32629,19510000
326291,19510000
326299,19510000
327,14800000
3271,14221000
32711,44111300#44115210#39715300
327110,44111300#44115210#39715300
32712,14221000#44111000
327120,14221000#44111000
3272,14820000
32721,14820000
327211,14820000
327212,14820000#39299000
327213,14820000
327215,14820000
3273,44111200#44114000
32731,44111200
327310,44111200
32732,44114100
327320,44114100
32733,44111100#44111600#44114000#44114220
327331,44111100#44111600#44114000#44114220
327332,44114220
32739,44114000
327390,44114000
3274,44921000
32741,44921200
327410,44921200
32742,44921100
327420,44921100
3279,14800000
32791,14810000
327910,14810000
32799,14800000
327991,14811000
327992,14523100
327993,19281000
327999,14800000
331,14700000
3311,14621000#14711000#14622000
33111,14621000#14711000#14622000
331110,14621000#14711000#14622000
3312,14622000
33121,14622000#14711000
331210,14622000#14711000
33122,42932100
331221,42932100
331222,42113100#42000000
3313,14721000
33131,14721000
331313,14721000
331314,14721000
331315,14721000
331318,14721000
3314,14612000
33141,14612000
331410,14612000
33142,14715000
331420,14715000
33149,14612000
331491,14612000
331492,14612000
3315,14600000
33151,14600000
331511,14711000
331512,14622000
331513,14622000
33152,14612000
331523,14612000
331524,14721000
331529,14612000
332,14700000
3321,42634000#42635000
33211,42634000#42635000
332111,14711000#14622000
332112,14600000#42634000
332114,43400000
332117,43700000
332119,42635000
3322,39240000#44511000
33221,39240000#44511000
332215,39221100#39221180
332216,44511510#44511000
3323,14700000
33231,43327000#44211000#44171000
332311,43327000#44211000
332312,43327000#44211000
332313,44171000
33232,14600000#14700000#42000000
332321,14600000#14700000#44221100#44221200
332322,44172000
332323,14600000#14700000#42000000
3324,44600000
33241,42511100#44621200
332410,42511100#44621200
33242,44611000
332420,44611000
33243,44610000
332431,44618400
332439,44610000
3325,44316400
33251,44316400
332510,44316400
3326,44550000#44310000
33261,44550000#44310000
332613,44550000
332618,44310000
3327,44531510#44531600
33271,42000000
332710,42000000
33272,44531510#44531600
332721,42113170#42621100#42000000
332722,44531510#44531600#44532100#44532200
3328,42962500#44113330#42940000
33281,42962500#44113330#42940000
332811,43700000#42000000
332812,44113330#42962500
332813,42000000
3329,14700000
33291,42131000
332911,42131000
332912,42131000#44165100
332913,44115210
332919,42131000#44163200
33299,14600000#14700000 
332991,44442000
332992,35330000#35320000
332993,35330000
332994,35330000
332996,44163100#44163200
332999,14600000#14700000 
333,42000000
3331,16000000#43000000#43300000
33311,16000000
333111,16000000
333112,16700000#16160000
33312,43300000
333120,43300000
33313,43000000
333131,43000000
333132,42511200#43000000
3332,42000000
33324,42000000
333241,42215000#42200000
333242,31712330
333243,42800000#43810000
333248,42000000
3333,42000000
33331,42000000
333310,42000000
3334,42510000#42520000
33341,42510000#42520000
333413,42522000#39717000
333414,39715200
333415,39717000#42510000
3335,42630000
33351,42630000
333511,43400000
333514,42600000
333515,42600000
333517,42600000
333519,42630000#42932100
3336,42121000#3431100#310000000
33361,42121000#3431100#310000000
333611,31121330
333612,42141300#34000000
333613,31000000#42000000
333618,34310000
3339,42900000
33391,42123000#42122000
333912,42123400#42123100
333914,38300000#38410000
33392,42410000
333921,42417000
333922,42417200
333923,42418200#42416300
333924,42414130#42415000
33399,42900000
333991,44511000#42676000
333992,42661100#42662000
333993,42921320
333994,42310000#42942000
333995,42132100#42121100
333996,42111000#42122000
333998,42900000
334,30200000
3341,30200000
33411,30200000
334111,30200000
334112,30233100
334118,30200000
3342,32570000
33421,32550000
334210,32550000
33422,32210000#32510000
334220,32210000#32510000
33429,32570000
334290,32570000
3343,32320000#32323300#32351300
33431,32320000#32323300#32351300
334310,32320000#32323300#32351300
3344,31712330
33441,31712330
334412,31712310
334413,31712330
334416,31711510#31711130#31170000
334417,31214200
334418,31200000
334419,31711100
3345,38110000#38300000#38100000
33451,38110000#38300000#38100000
334510,38000000
334511,38110000#38000000
334512,38424000
334513,38300000
334514,38000000
334515,38341300
334516,38000000
334517,38000000
334519,38300000#38570000
3346,31700000
33461,31700000
334610,31700000
335,31600000
3351,31500000
33513,31500000
335131,31518200#31500000
335132,31518200#31500000
335139,31500000#31531000
3352,39220000
33521,31600000
335210,31600000
33522,39220000
335220,39220000
3353,31600000
33531,31600000
335311,31170000
335312,42111000#31120000
335313,31214000#31214500
335314,31221000
3359,31600000
33591,31440000
335910,31440000
33592,31300000
335921,32560000
335929,31300000
33593,31300000
335931,31611000#31300000
335932,31611000#31300000
33599,31600000
335991,14814000#24311800
335999,31600000
336,34000000
3361,34100000
33611,34100000
336110,34100000
33612,34140000#34133000
336120,34140000#34133000
3362,34100000#34223300
33621,34100000#34223300
336211,34100000
336212,34223300
336213,34100000
336214,34223300
3363,34100000
33631,34310000
336310,34310000
33632,34100000
336320,34100000
33633,34100000#34327000
336330,34100000#34327000
33634,34322100
336340,34322100
33635,34100000
336350,34100000
33636,34100000
336360,34100000
33637,34100000
336370,34100000
33639,34100000
336390,34100000
3364,34700000#35640000
33641,34700000#35640000
336411,34700000
336412,34731100
336413,34731100#34741000
336414,35620000#35600000
336415,35620000#35600000
336419,35620000#35600000
3365,34620000
33651,34620000
336510,34620000
3366,34500000
33661,34500000
336611,34500000#50241000
336612,34500000
3369,34000000
33699,34000000
336991,34400000
336992,35410000#35411000
336999,34000000
337,39100000
3371,39141000
33711,39141000
337110,39141000
33712,39220000#39100000
337121,39220000#39100000
337122,39220000#39100000
337126,39220000#39100000
337127,39100000
3372,39130000
33721,39130000
337211,39130000
337212,39000000
337214,39130000
337215,44112300#39131000#44421720
3379,39130000
33791,39143112
337910,39143112
33792,39515400
337920,39515400
339,39113000#39150000#39290000#39300000#39525000
3391,33100000
33911,33100000
339112,33169000#33100000
339113,33169000#33100000
339114,33131500
339115,33122000
339116,33131500
3399,39113000#39150000#39290000#39300000#39525000
33991,39293500
339910,39293500
33992,37415000#37410000
339920,37415000#37410000
33993,37510000#37520000#37524000
339930,37510000#37520000#37524000
33994,30192000
339940,30192000
33995,30000000
339950,30000000
33999,39113000#39150000#39290000#39300000#39525000
339991,39360000#42921300
339992,37310000
339993,39227110#18451000#18450000
339994,39224100#39224200
339995,39296100
339999,39113000#39150000#39290000#39300000#39525000
42,55900000
423,55900000
4231,34100000
42311,34100000
423110,34100000
42312,34100000
423120,34100000
42313,34350000
423130,34350000
42314,34100000
423140,34100000
4232,39100000#39140000
42321,39100000
423210,39100000
42322,39100000#39140000
423220,39100000#39140000
4233,03419000#44110000
42331,44191100#44100000
423310,44191100#44100000
42332,44111100#44910000
423320,44111100#44910000
42333,44112500#44112600
423330,44112500#44112600
42339,44110000
423390,44110000
4234,55900000#38650000
42341,38650000
423410,38650000
42342,30190000
423420,30190000
42343,30200000
423430,30200000
42344,42000000
423440,42000000
42345,33100000#33131100
423450,33100000#33131100
42346,33122000
423460,33122000
42349,33100000#33131100
423490,33100000#33131100
4235,14700000#14523100
42351,14700000
423510,14700000
42352,14523100#09111100
423520,14523100#09111100
4236,31710000#31680000
42361,31710000#31300000#31611000
423610,31710000#31300000#31611000
42362,31710000#31300000#31611000
423620,31710000#31300000#31611000
42369,31710000
423690,31710000
4237,44316400#44115210#44115220
42371,44316400
423710,44316400
42372, 44115210#44115220
423720, 44115210#44115220
42373,42510000
423730,42510000
42374,42513200
423740,42513200
4238,42510000#31000000
42381,43300000#43260000
423810,43300000#43260000
42382,16160000#16000000
423820,16160000#16000000
42383,42000000
423830,42000000
42384,42000000
423840,42000000
42385,42716000#42000000
423850,42716000#42000000
42386,34000000
423860,34000000
4239,37400000#18510000#14521100#14700000
42391,34000000
423910,34000000
42392,37520000#37500000
423920,37520000#37500000
42393,14630000#34640000#03417000
423930,14630000#34640000#03417000
42394,18500000#14521100#14612400
423940,18500000#14521100#14612400
42399,35320000#37310000#03419100
423990,35320000#37310000#03419100
424,22800000#24000000#19000000
4241,22800000
42411,30197620
424110,30197620
42412,30192700#30192000
424120,30192700#30192000
42413,22800000#33710000
424130,22800000#33710000
4242,33100000
42421,33100000
424210,33100000
4243,18100000
42431,33710000#03130000#18100000
424310,33710000#03130000#18100000
42434,18800000
424340,18800000
42435,18100000
424350,18100000
4244,15612500#15250000#15511000
42441,15612500#15250000#15511000
424410,15612500#15250000#15511000
42442,15220000
424420,15220000
42443,15500000
424430,15500000
42444,15112000#15131500
424440,15112000#15131500
42445,15842300
424450,15842300
42446,03311000#15250000
424460,03311000#15250000
42447,15110000#15130000
424470,15110000#15130000
42448,03220000
424480,03220000
42449,15612500#15250000#15511000
424490,15612500#15250000#15511000
4245,03300000
42451,03211900#03221210
424510,03211900#03221210
42452,03322000
424520,03322000
42459,03300000
424590,03300000
4246,24000000
42461,24000000
424610,19520000
42469,24000000
424690,24000000
4247,09130000
42471,09130000
424710,09130000
42472,09130000
424720,09130000
4248,15961000#15930000
42481,15961000#15980000
424810,15961000#15980000
42482,15930000#15910000
424820,15930000#15910000
4249,15800000#15890000
42491,03300000
424910,03300000
42492,22210000#22100000
424920,22210000#22100000
42493,03120000#03450000
424930,03120000#03450000
42494,15992000#15991300
424940,15992000#15991300
42495,44810000#44820000#44800000
424950,44810000#44820000#44800000
42499,15800000#15890000
424990,15800000#15890000
425,66130000
4251,66130000
42512,66130000
425120,66130000
44-45,55900000
441,34100000
4411,34100000
44111,34100000
441110,34100000
44112,34100000
441120,34100000
4412,34100000
44121,34100000
441210,34100000
44122,34410000#34520000#34100000
441222,34520000
441227,34410000#34100000
4413,34640000
44133,34640000
441330,34350000
44134,34350000
441340,44111000#16160000
444,44111000
4441,44111000
44411,39221000
444110,39221000
44412,39191100#44810000
444120,39191100#44810000
44414,44316400
444140,44316400
44418,44111000
444180,44111000
4442,16160000#16311000
44423,30237280
444230,30237280
44424,03120000
444240,03120000
445,15000000
4451,15300000#15500000
44511,15300000#15500000
445110,15300000#15500000
44513,42933000#15300000#15500000#15900000
445131,15300000#15500000#15900000
445132,42933000
4452,15800000
44523,03221200
445230,03221200
44524,15110000
445240,15110000
44525,03311000#15250000
445250,03311000#15250000
44529,15800000
445291,15612500
445292,15842300#03222000
445298,15800000
4453,15961000#15930000#15911200
44532,15961000#15930000#15911200
445320,15961000#15930000#15911200
449,39100000#39140000
4491,39100000#39140000
44911,39100000
449110,39100000
44912,39140000
449121,44112200
449122,44221100
449129,39140000#39100000
4492,31710000
44921,31710000
449210,31710000
455,31710000
4551,15000000
45511,15000000
455110,15000000
4552,39100000#31710000#37000000#39000000
45521,39100000#31710000#37000000#39000000
455211,39100000#31710000#37000000#39000000
455219,31710000#39000000
456,33700000
4561,33700000
45611,33100000#33600000
456110,33100000#33600000
45612,33711400#33710000
456120,33711400#33710000
45613,30216000
456130,30216000
45619,33700000
456191,33617000
456199,33700000
457,09100000
4571,09100000
45711,09100000#09000000
457110,09100000#09000000
45712,09100000#09000000
457120,09100000#09000000
4572,09100000
45721,09100000
457210,09100000
458,18420000#18510000
4581,18420000
45811,18420000
458110,18420000
4582,18800000
45821,18800000
458210,18800000
4583,18510000#19100000
45831,18510000
458310,18510000
45832,18920000#19100000
458320,18920000#19100000
459,37310000#37400000#22815000
4591,37310000#37400000#22815000
45911,37400000
459110,37400000
45912,37520000#37524000
459120,37520000#37524000
45913,39227000
459130,39227000
45914,37310000
459140,37310000
4592,22200000#22800000
45921,22200000#22800000
459210,22200000#22800000
4593,77330000#03121210
45931,77330000#03121210
459310,77330000#03121210
4594,30192000#30192700
45941,30192000#30192700
459410,30192000#30192700
45942,22320000#22300000
459420,22320000#22300000
4595,15000000#39000000
45951,15000000#39000000
459510,15000000#39000000
4599,15000000#15800000
45991,15713000
459910,15713000
45992,37800000
459920,37800000
45993,44211000
459930,44211000
45999,15000000#15800000
459991,15992000#15991300
459999,15000000#15800000
48-49,63122000
481,60400000
4811,60400000
48111,60400000
481111,60400000
481112,60400000
4812,60400000
48121,60400000
481211,60400000
481212,60400000
481219,60400000
482,60200000
4821,60200000
48211,60200000
482111,60200000
482112,60200000
483,60600000
4831,60600000
48311,60600000
483111,60600000
483112,60600000
483113,60600000
483114,60600000
4832,60600000
48321,60600000
483211,60600000
483212,60600000
484,60100000
4841,63521000#60100000
48411,63521000#60100000
484110,63521000#60100000
48412,63521000#60100000
484121,63521000#60100000
484122,63521000#60100000
4842,63521000#60100000
48421,30192000#39220000
484210,30192000#39220000
48422,63521000#60100000
484220,63521000#60100000
48423,63521000#60100000
484230,63521000#60100000
485,60130000
4851,60210000#60220000
48511,60210000#60220000
485111,60100000#60112000
485112,60210000#60220000
485113,60100000#60112000
485119,60210000#60220000
4852,60100000#60112000
48521,60100000#60112000
485210,60100000#60112000
4853,60120000
48531,60120000
485310,60120000
48532,60120000
485320,60120000
4854,60100000
48541,60100000
485410,60100000
4855,60100000
48551,60100000
485510,60100000
4859,60140000#60100000
48599,60140000#60100000
485991,60130000
485999,60140000#60100000
486,60300000
4861,60300000
48611,60300000
486110,60300000
4862,60300000
48621,60300000
486210,60300000
4869,60300000
48691,60300000
486910,60300000
48699,60300000
486990,60300000
487,60100000
4871,60100000
48711,60100000
487110,60100000
4872,60600000
48721,60600000
487210,60600000
4879,60000000#63000000
48799,60000000#63000000
487990,60000000#63000000
488,63700000
4881,63700000
48811,63731000
488111,63732000#34962000
488119,63731000
48819,63730000
488190,63730000
4882,63711000
48821,63711000
488210,63711000
4883,63720000
48831,63721200
488310,63721200
48832,63110000
488320,63110000
48833,63724000
488330,63724000
48839,63720000
488390,63720000
4884,63712000
48841,63727100
488410,63727100
48849,63712000
488490,63712000
4885,63521000
48851,63521000
488510,63521000
4889,63000000
48899,63000000
488991,63100000
488999,63000000
491,64110000
4911,64110000
49111,64110000
491110,64110000
492,64120000
4921,64120000
49211,64120000
492110,64120000
4922,64120000#64121100#64121200
49221,64120000#64121100#64121200
492210,64120000#64121100#64121200
493,63120000
4931,63120000
49311,63120000
493110,63120000
49312,63120000
493120,63120000
49313,63120000
493130,63120000
49319,63120000
493190,63120000
51,48000000#72000000
512,92100000
5121,92100000
51211,92100000
512110,92100000
51212,92100000
512120,92100000
51213,92100000
512131,92100000
512132,92300000
51219,92110000#92100000
512191,92110000#92100000
512199,92110000#92100000
5122,92370000#32353000
51223,92300000
512230,92300000
51224,92100000#92300000
512240,92100000#92300000
51225,92100000#92300000
512250,92100000#92300000
51229,92370000#32353000
512290,92370000#32353000
513,79970000
5131,79970000
51311,79970000
513110,79970000
51312,79970000
513120,79970000
51313,79970000
513130,79970000
51314,79970000
513140,79970000
51319,79970000
513191,79970000
513199,79970000
5132,79970000
51321,79970000
513210,79970000
516,64228000#79000000
5161,64228000
51611,64228200
516110,64228200
51612,64228100
516120,64228100
5162,64228000
51621,64228000
516210,64228000
517,64200000#32522000
5171,32510000#64200000
51711,32510000#64200000
517111,32510000#64200000
517112,32510000#64200000
51712,32510000#64200000
517121,32510000#64200000
517122,32510000#64200000
5174,32531000#64200000
51741,32531000#64200000
517410,32531000#64200000
5178,64200000
51781,64200000
517810,64200000
518,48000000#72000000#72310000
5182,48000000#72000000#72310000
51821,48000000#72000000#72310000
518210,48000000#72000000#72310000
519,92500000
5192,92500000
51921,92510000
519210,92510000
51929,72400000
519290,72400000
52,66510000#66000000
521,66111000
5211,66111000
52111,66111000
521110,66111000
522,66517100
5221,66112000
52211,66110000
522110,66110000
52213,66110000
522130,66110000
52218,66112000
522180,66112000
5222,66112000
52221,66110000
522210,66110000
52222,79142000#66000000
522220,79142000#66000000
52229,66113000#66517000
522291,66190000
522292,66120000
522299,66113000#66517000
5223,66113000#66517000
52231,66190000
522310,66190000
52232,66170000
522320,66170000
52239,66113000#66517000
522390,66113000#66517000
523,66100000
5231,66190000
52315,66100000
523150,66100000
52316,66130000#66132000
523160,66130000#66132000
5232,66130000#66132000
52321,66130000#66132000
523210,66130000#66132000
5239,66100000
52391,66000000
523910,66000000
52394,66140000#66100000
523940,66140000#66100000
52399,66100000
523991,66160000#66162000
523999,66100000
524,66510000
5241,66510000
52411,66512220#66512200
524113,66512220#66512200
524114,66512220#66512200
52412,66510000
524126,66515200
524127,66510000
524128,66510000
52413,66700000#66710000
524130,66700000#66710000
5242,66518000#66518100
52421,66518000#66518100
524210,66518000#66518100
52429,66510000
524291,66518300
524292,66510000
524298,66510000
525,66510000
5251,66141000#66523000#66523100
52511,66141000#66523000#66523100
525110,66141000#66523000#66523100
52512,66512200
525120,66512200
52519,66510000
525190,66510000
5259,66510000
52591,66510000
525910,66510000
52592,66510000#66100000
525920,66510000#66100000
52599,66510000#66100000
525990,66510000#66100000
53,70310000#70200000
531,70000000
5311,70200000
53111,70210000
531110,70210000
53112,70220000
531120,70220000
53113,70200000
531130,70200000
53119,70200000
531190,70200000
5312,70100000#70000000
53121,70100000#70000000
531210,70100000#70000000
5313,70100000#70000000
53131,70100000#70000000
531311,70100000#70000000
531312,70100000#70000000
53132,70100000#70000000
531320,70100000#70000000
53139,70100000#70000000
531390,70100000#70000000
532,70300000#70200000
5321,60170000
53211,60170000
532111,60170000
532112,60170000
53212,60170000#60180000
532120,60170000#60180000
5322,39220000
53221,31000000
532210,31000000
53228,39220000
532281,18000000
532282,92110000
532283,33100000
532284,37000000
532289,39220000
5323,60170000#60180000
53231,60170000#60180000
532310,60170000#60180000
5324,42000000
53241,43000000#44000000
532411,34000000
532412,43000000#44000000
53242,30100000
532420,30100000
53249,42000000
532490,42000000
533,66100000
5331,66100000
53311,66100000
533110,66100000
54,71350000
541,71350000
5411,79100000
54111,75240000
541110,75240000
54112,75240000
541120,75240000
54119,79100000
541191,79100000
541199,79100000
5412,79631000#79211100#79211000#79221000
54121,79631000#79211100#79211000#79221000
541211,79211000
541213,79221000#79222000
541214,79631000
541219,79211000
5413,71200000
54131,71200000
541310,71200000
54132,71420000
541320,71420000
54133,71300000
541330,71300000
54134,71354300
541340,71354300
54135,71315400
541350,71315400
54136,71351000
541360,71351000
54137,71355000#71354100
541370,71355000#71354100
54138,71900000
541380,71900000
5414,71220000
54141,79932000
541410,79932000
54142,71220000
541420,71220000
54143,79822500
541430,79822500
54149,71220000
541490,71220000
5415,72212900#48900000
54151,72212900#48900000
541511,72200000
541512,72200000
541513,72514000
541519,72100000#72200000
5416,79000000
54161,79410000
541611,79411000
541612,79414000
541613,79342000
541614,63000000
541618,79400000
54162,90700000
541620,90700000
54169,71350000
541690,71350000
5417,73200000
54171,73200000
541713,73200000
541714,73200000
541715,73200000
54172,73200000
541720,73200000
5418,79416000#79341000
54181,79341000
541810,79341000
54182,79416000
541820,79416000
54183,79400000
541830,79400000
54184,79400000
541840,79400000
54185,79341000
541850,79341000
54186,79341000
541860,79341000
54187,79341000
541870,79341000
54189,79341000
541890,79341000
5419,79000000
54191,79310000#79320000
541910,79310000#79320000
54192,79961000
541921,79961350
541922,79961000
54193,79540000#79530000
541930,79540000#79530000
54194,85200000
541940,85200000
54199,71350000#79000000
541990,71350000#79000000
55,79400000
551,79400000
5511,79400000
55111,79400000
551111,66110000
551112,66110000
551114,79500000
56,90500000
561,75100000
5611,75100000
56111,75100000
561110,75100000
5612,79993100
56121,79993100
561210,79993100
5613,75314000
56131,79610000#75314000
561311,79610000#75314000
561312,75111100
56132,75313100#79633000
561320,75313100#79633000
56133,79600000
561330,79600000
5614,79400000#79500000
56141,79131000
561410,79131000
56142,79512000
561421,79512000
561422,79512000
56143,79990000
561431,64110000#64121100
561439,79990000
56144,79940000
561440,79940000
56145,66113000
561450,66113000
56149,79990000
561491,63000000#60000000
561492,75231100
561499,79990000
5615,63515000
56151,63510000
561510,63510000
56152,63500000#63530000
561520,63500000#63530000
56159,63515000
561591,63513000
561599,63500000
5616,79720000#79710000
56161,79720000#79713000
561611,79720000#79713000
561612,79713000#79715000
561613,35410000
56162,98300000
561621,98300000
561622,98395000
5617,45211000
56171,90922000
561710,90922000
56172,98341130
561720,98341130
56173,45112700
561730,45112700
56174,90910000
561740,90910000
56179,45211000
561790,45211000
5619,63700000#71336000
56191,79921000
561910,79921000
56192,79950000
561920,79950000
56199,63700000#71336000
561990,63700000#71336000
562,90700000
5621,90700000
56211,90524100
562111,90524100
562112,90524100
562119,90524100
5622,90513000#90521000
56221,90513000#90521000
562211,90513000#90521000
562212,90531000#90524100
562213,90513300
562219,90513000
5629,90500000
56291,90500000
562910,90500000
56292,90500000
562920,90500000
56299,90500000
562991,90450000
562998,90500000
61,80000000
611,80000000
6111,80200000
61111,80200000
611110,80200000
6112,80300000
61121,80300000
611210,80300000
6113,80200000#80300000
61131,80200000#80300000
611310,80200000#80300000
6114,80200000#80300000#80500000
61141,80410000
611410,80410000
61142,80533100
611420,80533100
61143,80532000
611430,80532000
6115,80531000#80531200
61151,80531000#80531200
611511,80400000
611512,80500000
611513,80500000
611519,80531000#80531200
6116,80410000
61161,80410000
611610,80410000
61162,80400000
611620,80400000
61163,80580000
611630,80580000
61169,80400000
611691,80590000
611692,80411000
611699,80400000
6117,80000000
61171,80000000
611710,80000000
62,85100000
621,85100000
6211,85100000
62111,85100000
621111,85100000
621112,85100000
6212,85100000
62121,85100000
621210,85100000
6213,85100000
62131,85100000
621310,85100000
62132,85100000
621320,85100000
62133,85100000
621330,85100000
62134,85100000
621340,85100000
62139,85100000#85121000
621391,85100000
621399,85100000#85121000
6214,85112200
62141,85312330
621410,85312330
62142,85112200
621420,85112200
62149,85112200
621491,85120000
621492,85111900
621493,85111100#85121300
621498,85112200
6215,85111200
62151,85111200
621511,85111200
621512,85150000#85100000
6216,85144000
62161,85144000
621610,85144000
6219,85144000#85143000
62191,85143000
621910,85143000
62199,85144000#85143000
621991,85146000#85146200
621999,85144000#85143000
622,85111000
6221,85111100#85111200
62211,85111100#85111200
622110,85111100#85111200
6222,85111500
62221,85111500
622210,85111500
6223,85111000
62231,85111000
622310,85111000
623,85144100
6231,85144100
62311,85144100
623110,85144000#85121270#85100000
6232,85144000#85121270#85100000
62321,85144000#85121270#85100000
623210,85144000#85121270#85100000
62322,85144000#85121270#85100000
623220,85144000#85121270#85100000
6233,85144100#85100000#85312100#85311100 
62331,85144100#85100000#85312100#85311100 
623311,85144100#85100000#85312100#85311100 
623312,85312100
6239,85144000
62399,85144000
623990,85144000
624,85320000
6241,85300000
62411,85311300
624110,85311300
62412,85311100
624120,85311100
62419,85311100
624190,85311100
6242,98000000#85300000
62421,98000000#85300000
624210,98000000#85300000
62422,70333000#98000000
624221,44112100
624229,70333000#98000000
62423,98000000#85300000
624230,98000000#85300000
6243,85312510
62431,85312510
624310,85312510
6244,85312110
62441,85312110
624410,85312110
71,92330000#92300000
711,92300000
7111,92300000
71111,92300000
711110,92300000
71112,92340000
711120,92340000
71113,92312250
711130,92312250
71119,92300000
711190,92300000
7112,92600000
71121,92300000
711211,92600000
711212,92600000
711219,92600000
7113,92621000
71131,92621000
711310,92621000
71132,92621000
711320,92621000
7114,92621000#92300000
71141,92621000#92300000
711410,92621000#92300000
7115,92340000
71151,92340000
711510,92340000
712,92520000#92500000
7121,92520000#92500000
71211,92521000
712110,92521000
71212,92520000
712120,92520000
71213,92530000
712130,92530000
71219,92533000
712190,92533000
713,92331000
7131,92331000
71311,92331000
713110,92331000
71312,92331000
713120,92331000
7132,92351000
71321,92351200
713210,92351200
71329,92351000
713290,92351000
7139,92331000
71391,92600000
713910,92600000
71392,92600000
713920,92600000
71393,98360000#45242200
713930,98360000#45242200
71394,92000000#92600000
713940,92000000#92600000
71395,37472000#92600000
713950,37472000#92600000
71399,92331200
713990,92331200
72,98341000#55110000
721,98341000
7211,55110000
72111,55100000
721110,55100000
72112,92351200#92300000
721120,92351200#92300000
72119,55110000
721191,55270000
721199,55110000
7212,92300000#55220000
72121,92300000#55220000
721211,92300000#55220000
721214,55220000
7213,55200000
72131,55200000
721310,55200000
722,55300000
7223,55300000
72231,55300000
722310,55300000
72232,55300000
722320,55300000
72233,55300000
722330,55300000
7224,55400000#55100000
72241,55400000#55100000
722410,55400000#55100000
7225,55300000
72251,55300000
722511,55300000
722513,55300000
722514,55330000#55300000
722515,55400000#55300000
81,79000000
811,50000000
8111,50110000#50100000
81111,50110000#50100000
811111,50110000#50100000
811114,50110000#50100000
81112,50110000#50100000
811121,50110000#50100000
811122,50110000#50100000
81119,50110000#50100000
811191,50110000#50100000
811192,50110000#50100000
811198,50110000#50100000
8112,50400000
81121,50400000
811210,50400000
8113,50500000
81131,50500000
811310,50500000
8114,50300000
81141,50800000#50500000
811411,50800000#50500000
811412,50500000
81142,50850000
811420,50850000
81143,50820000
811430,50820000
81149,50300000
811490,50300000
812,98311000#98000000
8121,98341140
81211,98320000
812111,98321100
812112,98321100
812113,98320000
81219,98341140
812191,98390000#98300000
812199,98341140
8122,98371000#98370000
81221,98371000#98370000
812210,98371000#98370000
81222,98371000#98370000
812220,98371000#98370000
8123,98310000#98311000
81231,98311000#98310000
812310,98311000#98310000
81232,98311000#98310000
812320,98311000#98310000
81233,19231000#18100000
812331,19231000
812332,98311000
8129,98000000
81291,85200000
812910,85200000
81292,92111300
812921,92111300
812922,92111300
81293,63712400#98351110
812930,63712400#98351110
81299,98000000
812990,98000000
813,98131000
8131,98131000
81311,98131000
813110,98131000
8132,98300000
81321,98300000
813211,98300000
813212,98100000
813219,98100000
8133,98133000
81331,98133000
813311,98133000
813312,92534000
813319,98133000
8134,98133100
81341,98133100
813410,98133100
8139,79996000#98111000
81391,79996000#98111000
813910,79996000#98111000
81392,98112000
813920,98112000
81393,98900000#98000000
813930,98900000#98000000
81394,98132000
813940,98132000
81399,98900000
813990,98900000
814,98500000
8141,98500000
81411,98500000
814110,98500000
92,75100000
921,75111000
9211,75111000
92111,75111100
921110,75111100
92112,75111200
921120,75111200
92113,75110000
921130,75110000
92114,75111000
921140,75111000
92115,75131000
921150,75131000
92119,75131000
921190,75131000
922,75230000
9221,75230000
92211,75231100
922110,75231100
92212,75241100
922120,75241100
92213,75231100#75242000
922130,75231100#75242000
92214,75231100#75242000#75230000
922140,75231100#75242000#75230000
92215,75230000#75240000
922150,75230000#75240000
92216,51700000#35110000
922160,51700000#35110000
92219,75230000
922190,75230000
923,75100000
9231,75100000
92311,75100000
923110,75100000
92312,75100000
923120,75100000
92313,75100000
923130,75100000
92314,75100000
923140,75100000
924,75100000
9241,75100000
92411,75100000
924110,75100000
92412,75100000
924120,75100000
925,75100000
9251,75100000
92511,75100000
925110,75100000
92512,75100000
925120,75100000
926,75100000
9261,75100000
92611,75100000
926110,75100000
92612,75100000
926120,75100000
92613,75100000
926130,75100000
92614,75131000
926140,75131000
92615,75131000
926150,75131000
927,75131000
9271,75131000
92711,75131000
927110,75131000
928,75241000#75000000
9281,75241000#75000000
92811,75241000
928110,75241000
92812,75131000
928120,75131000
